,Class,F1 score,Accuracy,Precision,Recall,Specificity
0,"tench, Tinca tinca",0.96,0.96,0.96,0.96,0.99995995
1,"goldfish, Carassius auratus",0.875,0.84,0.9130435,0.84,0.9999199
2,"great white shark, white shark, man-eater, man-eating shark, Carcharodon carcharias",0.8125,0.78,0.84782606,0.78,0.99985987
3,"tiger shark, Galeocerdo cuvieri",0.74999994,0.78,0.7222222,0.78,0.9996997
4,"hammerhead, hammerhead shark",0.7924529,0.84,0.75,0.84,0.99971974
5,"electric ray, crampfish, numbfish, torpedo",0.71559626,0.78,0.66101694,0.78,0.9995996
6,stingray,0.76595753,0.72,0.8181818,0.72,0.99983984
7,cock,0.78160924,0.68,0.9189189,0.68,0.9999399
8,hen,0.79611653,0.82,0.7735849,0.82,0.99975973
9,"ostrich, Struthio camelus",0.98039216,1.0,0.96153843,1.0,0.99995995
10,"brambling, Fringilla montifringilla",0.8269231,0.86,0.7962963,0.86,0.99977976
11,"goldfinch, Carduelis carduelis",0.9292929,0.92,0.93877554,0.92,0.9999399
12,"house finch, linnet, Carpodacus mexicanus",0.8910891,0.9,0.88235295,0.9,0.9998799
13,"junco, snowbird",0.93333334,0.98,0.8909091,0.98,0.9998799
14,"indigo bunting, indigo finch, indigo bird, Passerina cyanea",0.9215687,0.94,0.90384614,0.94,0.9998999
15,"robin, American robin, Turdus migratorius",0.89795923,0.88,0.9166667,0.88,0.9999199
16,bulbul,0.9375,0.9,0.9782609,0.9,0.99998
17,jay,0.94,0.94,0.94,0.94,0.9999399
18,magpie,0.9148936,0.86,0.97727275,0.86,0.99998
19,chickadee,0.9591837,0.94,0.9791667,0.94,0.99998
20,"water ouzel, dipper",0.8659794,0.84,0.89361703,0.84,0.9998999
21,kite,0.78846157,0.82,0.7592593,0.82,0.99973977
22,"bald eagle, American eagle, Haliaeetus leucocephalus",0.9320388,0.96,0.9056604,0.96,0.9998999
23,vulture,0.9056604,0.96,0.85714287,0.96,0.99983984
24,"great grey owl, great gray owl, Strix nebulosa",0.989899,0.98,1.0,0.98,1.0
25,"European fire salamander, Salamandra salamandra",0.9591837,0.94,0.9791667,0.94,0.99998
26,"common newt, Triturus vulgaris",0.6111111,0.66,0.5689655,0.66,0.9994995
27,eft,0.80851066,0.76,0.8636364,0.76,0.9998799
28,"spotted salamander, Ambystoma maculatum",0.81632656,0.8,0.8333333,0.8,0.99983984
29,"axolotl, mud puppy, Ambystoma mexicanum",0.8888889,0.88,0.8979592,0.88,0.9998999
30,"bullfrog, Rana catesbeiana",0.70967746,0.66,0.76744187,0.66,0.9997998
31,"tree frog, tree-frog",0.8041237,0.78,0.82978725,0.78,0.99983984
32,"tailed frog, bell toad, ribbed toad, tailed toad, Ascaphus trui",0.51785713,0.58,0.46774194,0.58,0.99933934
33,"loggerhead, loggerhead turtle, Caretta caretta",0.7636364,0.84,0.7,0.84,0.99963963
34,"leatherback turtle, leatherback, leathery turtle, Dermochelys coriacea",0.6966292,0.62,0.7948718,0.62,0.99983984
35,mud turtle,0.60784316,0.62,0.59615386,0.62,0.9995796
36,terrapin,0.5744681,0.54,0.6136364,0.54,0.99965966
37,"box turtle, box tortoise",0.76,0.76,0.76,0.76,0.99975973
38,banded gecko,0.82828283,0.82,0.8367347,0.82,0.99983984
39,"common iguana, iguana, Iguana iguana",0.78787875,0.78,0.79591835,0.78,0.9997998
40,"American chameleon, anole, Anolis carolinensis",0.5981308,0.64,0.5614035,0.64,0.9994995
41,"whiptail, whiptail lizard",0.78899086,0.86,0.7288136,0.86,0.9996797
42,agama,0.71999997,0.72,0.72,0.72,0.99971974
43,"frilled lizard, Chlamydosaurus kingi",0.8712871,0.88,0.8627451,0.88,0.99985987
44,alligator lizard,0.6593407,0.6,0.73170733,0.6,0.99977976
45,"Gila monster, Heloderma suspectum",0.8181819,0.72,0.94736844,0.72,0.99995995
46,"green lizard, Lacerta viridis",0.42857143,0.36,0.5294118,0.36,0.9996797
47,"African chameleon, Chamaeleo chamaeleon",0.82,0.82,0.82,0.82,0.9998198
48,"Komodo dragon, Komodo lizard, dragon lizard, giant lizard, Varanus komodoensis",0.9108911,0.92,0.9019608,0.92,0.9998999
49,"African crocodile, Nile crocodile, Crocodylus niloticus",0.7070707,0.7,0.71428573,0.7,0.99971974
50,"American alligator, Alligator mississipiensis",0.73170733,0.6,0.9375,0.6,0.99995995
51,triceratops,0.9072165,0.88,0.9361702,0.88,0.9999399
52,"thunder snake, worm snake, Carphophis amoenus",0.71929824,0.82,0.640625,0.82,0.99953955
53,"ringneck snake, ring-necked snake, ring snake",0.7850467,0.84,0.7368421,0.84,0.9996997
54,"hognose snake, puff adder, sand viper",0.6823529,0.58,0.82857144,0.58,0.9998799
55,"green snake, grass snake",0.5641026,0.44,0.78571427,0.44,0.9998799
56,"king snake, kingsnake",0.83146065,0.74,0.94871795,0.74,0.99995995
57,"garter snake, grass snake",0.82474226,0.8,0.85106385,0.8,0.99985987
58,water snake,0.6,0.6,0.6,0.6,0.9995996
59,vine snake,0.7058824,0.72,0.6923077,0.72,0.9996797
60,"night snake, Hypsiglena torquata",0.33333334,0.3,0.375,0.3,0.9994995
61,"boa constrictor, Constrictor constrictor",0.79999995,0.76,0.84444445,0.76,0.99985987
62,"rock python, rock snake, Python sebae",0.6373626,0.58,0.70731705,0.58,0.99975973
63,"Indian cobra, Naja naja",0.7692308,0.8,0.7407407,0.8,0.99971974
64,green mamba,0.64912283,0.74,0.578125,0.74,0.99945945
65,sea snake,0.7916667,0.76,0.82608694,0.76,0.99983984
66,"horned viper, cerastes, sand viper, horned asp, Cerastes cornutus",0.5423729,0.64,0.47058824,0.64,0.99927926
67,"diamondback, diamondback rattlesnake, Crotalus adamanteus",0.6363636,0.56,0.7368421,0.56,0.9997998
68,"sidewinder, horned rattlesnake, Crotalus cerastes",0.35955054,0.32,0.41025642,0.32,0.99953955
69,trilobite,0.8888889,0.96,0.82758623,0.96,0.9997998
70,"harvestman, daddy longlegs, Phalangium opilio",0.776699,0.8,0.754717,0.8,0.99973977
71,scorpion,0.7924529,0.84,0.75,0.84,0.99971974
72,"black and gold garden spider, Argiope aurantia",0.81415933,0.92,0.73015875,0.92,0.99965966
73,"barn spider, Araneus cavaticus",0.5396825,0.68,0.4473684,0.68,0.99915916
74,"garden spider, Aranea diademata",0.5432099,0.44,0.7096774,0.44,0.9998198
75,"black widow, Latrodectus mactans",0.84112155,0.9,0.7894737,0.9,0.99975973
76,tarantula,0.9306931,0.94,0.92156863,0.94,0.9999199
77,"wolf spider, hunting spider",0.5806452,0.54,0.627907,0.54,0.9996797
78,tick,0.72222215,0.78,0.67241377,0.78,0.9996196
79,centipede,0.7916667,0.76,0.82608694,0.76,0.99983984
80,black grouse,0.88,0.88,0.88,0.88,0.9998799
81,ptarmigan,0.8125,0.78,0.84782606,0.78,0.99985987
82,"ruffed grouse, partridge, Bonasa umbellus",0.82568806,0.9,0.7627119,0.9,0.99971974
83,"prairie chicken, prairie grouse, prairie fowl",0.86,0.86,0.86,0.86,0.99985987
84,peacock,0.9010989,0.82,1.0,0.82,1.0
85,quail,0.89795923,0.88,0.9166667,0.88,0.9999199
86,partridge,0.78846157,0.82,0.7592593,0.82,0.99973977
87,"African grey, African gray, Psittacus erithacus",0.9583333,0.92,1.0,0.92,1.0
88,macaw,0.9411765,0.96,0.9230769,0.96,0.9999199
89,"sulphur-crested cockatoo, Kakatoe galerita, Cacatua galerita",0.875,0.84,0.9130435,0.84,0.9999199
90,lorikeet,0.97029704,0.98,0.9607843,0.98,0.99995995
91,coucal,0.8888889,0.88,0.8979592,0.88,0.9998999
92,bee eater,0.9494949,0.94,0.9591837,0.94,0.99995995
93,hornbill,0.927835,0.9,0.9574468,0.9,0.99995995
94,hummingbird,0.89795923,0.88,0.9166667,0.88,0.9999199
95,jacamar,0.8598131,0.92,0.80701756,0.92,0.99977976
96,toucan,0.9072165,0.88,0.9361702,0.88,0.9999399
97,drake,0.84444445,0.76,0.95,0.76,0.99995995
98,"red-breasted merganser, Mergus serrator",0.8712871,0.88,0.8627451,0.88,0.99985987
99,goose,0.75,0.72,0.7826087,0.72,0.9997998
100,"black swan, Cygnus atratus",0.96,0.96,0.96,0.96,0.99995995
101,tusker,0.57391304,0.66,0.50769234,0.66,0.99935937
102,"echidna, spiny anteater, anteater",0.96969694,0.96,0.97959185,0.96,0.99998
103,"platypus, duckbill, duckbilled platypus, duck-billed platypus, Ornithorhynchus anatinus",0.77358484,0.82,0.73214287,0.82,0.9996997
104,"wallaby, brush kangaroo",0.85106385,0.8,0.90909094,0.8,0.9999199
105,"koala, koala bear, kangaroo bear, native bear, Phascolarctos cinereus",0.886598,0.86,0.9148936,0.86,0.9999199
106,wombat,0.78723407,0.74,0.84090906,0.74,0.99985987
107,jellyfish,0.8627451,0.88,0.84615386,0.88,0.99983984
108,"sea anemone, anemone",0.74999994,0.66,0.8684211,0.66,0.9998999
109,brain coral,0.8653845,0.9,0.8333333,0.9,0.9998198
110,"flatworm, platyhelminth",0.8431373,0.86,0.8269231,0.86,0.9998198
111,"nematode, nematode worm, roundworm",0.9215687,0.94,0.90384614,0.94,0.9998999
112,conch,0.8041237,0.78,0.82978725,0.78,0.99983984
113,snail,0.80808085,0.8,0.81632656,0.8,0.9998198
114,slug,0.7628866,0.74,0.78723407,0.74,0.9997998
115,"sea slug, nudibranch",0.79591835,0.78,0.8125,0.78,0.9998198
116,"chiton, coat-of-mail shell, sea cradle, polyplacophore",0.8484848,0.84,0.85714287,0.84,0.99985987
117,"chambered nautilus, pearly nautilus, nautilus",0.9148936,0.86,0.97727275,0.86,0.99998
118,"Dungeness crab, Cancer magister",0.7799999,0.78,0.78,0.78,0.99977976
119,"rock crab, Cancer irroratus",0.57407403,0.62,0.5344828,0.62,0.99945945
120,fiddler crab,0.7422681,0.72,0.7659575,0.72,0.99977976
121,"king crab, Alaska crab, Alaskan king crab, Alaska king crab, Paralithodes camtschatica",0.80808085,0.8,0.81632656,0.8,0.9998198
122,"American lobster, Northern lobster, Maine lobster, Homarus americanus",0.8543689,0.88,0.8301887,0.88,0.9998198
123,"spiny lobster, langouste, rock lobster, crawfish, crayfish, sea crawfish",0.82608694,0.76,0.9047619,0.76,0.9999199
124,"crayfish, crawfish, crawdad, crawdaddy",0.70454544,0.62,0.81578946,0.62,0.99985987
125,hermit crab,0.8,0.84,0.76363635,0.84,0.99973977
126,isopod,0.7551021,0.74,0.7708333,0.74,0.99977976
127,"white stork, Ciconia ciconia",0.9166666,0.88,0.95652175,0.88,0.99995995
128,"black stork, Ciconia nigra",0.77777773,0.84,0.7241379,0.84,0.9996797
129,spoonbill,0.9607843,0.98,0.9423077,0.98,0.9999399
130,flamingo,0.9591837,0.94,0.9791667,0.94,0.99998
131,"little blue heron, Egretta caerulea",0.89795923,0.88,0.9166667,0.88,0.9999199
132,"American egret, great white heron, Egretta albus",0.8495575,0.96,0.7619048,0.96,0.9996997
133,bittern,0.927835,0.9,0.9574468,0.9,0.99995995
134,crane,0.78571427,0.66,0.9705882,0.66,0.99998
135,"limpkin, Aramus pictus",0.98039216,1.0,0.96153843,1.0,0.99995995
136,"European gallinule, Porphyrio porphyrio",0.9306931,0.94,0.92156863,0.94,0.9999199
137,"American coot, marsh hen, mud hen, water hen, Fulica americana",0.9292929,0.92,0.93877554,0.92,0.9999399
138,bustard,0.94,0.94,0.94,0.94,0.9999399
139,"ruddy turnstone, Arenaria interpres",0.9423077,0.98,0.9074074,0.98,0.9998999
140,"red-backed sandpiper, dunlin, Erolia alpina",0.84,0.84,0.84,0.84,0.99983984
141,"redshank, Tringa totanus",0.9166666,0.88,0.95652175,0.88,0.99995995
142,dowitcher,0.8888889,0.88,0.8979592,0.88,0.9998999
143,"oystercatcher, oyster catcher",0.9,0.9,0.9,0.9,0.9998999
144,pelican,0.8823529,0.9,0.86538464,0.9,0.99985987
145,"king penguin, Aptenodytes patagonica",0.9473684,0.9,1.0,0.9,1.0
146,"albatross, mollymawk",0.9019608,0.92,0.88461536,0.92,0.9998799
147,"grey whale, gray whale, devilfish, Eschrichtius gibbosus, Eschrichtius robustus",0.8910891,0.9,0.88235295,0.9,0.9998799
148,"killer whale, killer, orca, grampus, sea wolf, Orcinus orca",0.8932039,0.92,0.8679245,0.92,0.99985987
149,"dugong, Dugong dugon",0.84905666,0.9,0.8035714,0.9,0.99977976
150,sea lion,0.75728154,0.78,0.7358491,0.78,0.99971974
151,Chihuahua,0.6530613,0.64,0.6666667,0.64,0.9996797
152,Japanese spaniel,0.8602151,0.8,0.9302326,0.8,0.9999399
153,"Maltese dog, Maltese terrier, Maltese",0.7678572,0.86,0.6935484,0.86,0.9996196
154,"Pekinese, Pekingese, Peke",0.82,0.82,0.82,0.82,0.9998198
155,Shih-Tzu,0.7070707,0.7,0.71428573,0.7,0.99971974
156,Blenheim spaniel,0.9108911,0.92,0.9019608,0.92,0.9998999
157,papillon,0.8679245,0.92,0.8214286,0.92,0.9997998
158,toy terrier,0.72527474,0.66,0.80487806,0.66,0.99983984
159,Rhodesian ridgeback,0.6126126,0.68,0.55737704,0.68,0.99945945
160,"Afghan hound, Afghan",0.9019608,0.92,0.88461536,0.92,0.9998799
161,"basset, basset hound",0.83018863,0.88,0.78571427,0.88,0.99975973
162,beagle,0.73770493,0.9,0.625,0.9,0.99945945
163,"bloodhound, sleuthhound",0.6585367,0.54,0.84375,0.54,0.9998999
164,bluetick,0.85106385,0.8,0.90909094,0.8,0.9999199
165,black-and-tan coonhound,0.70967746,0.66,0.76744187,0.66,0.9997998
166,"Walker hound, Walker foxhound",0.72727275,0.8,0.6666667,0.8,0.9995996
167,English foxhound,0.47887322,0.34,0.8095238,0.34,0.9999199
168,redbone,0.7422681,0.72,0.7659575,0.72,0.99977976
169,"borzoi, Russian wolfhound",0.9126213,0.94,0.8867925,0.94,0.9998799
170,Irish wolfhound,0.6153846,0.56,0.68292683,0.56,0.99973977
171,Italian greyhound,0.7636364,0.84,0.7,0.84,0.99963963
172,whippet,0.71428573,0.7,0.7291667,0.7,0.99973977
173,"Ibizan hound, Ibizan Podenco",0.6534654,0.66,0.64705884,0.66,0.99963963
174,"Norwegian elkhound, elkhound",0.8932039,0.92,0.8679245,0.92,0.99985987
175,"otterhound, otter hound",0.82,0.82,0.82,0.82,0.9998198
176,"Saluki, gazelle hound",0.78787875,0.78,0.79591835,0.78,0.9997998
177,"Scottish deerhound, deerhound",0.78095245,0.82,0.74545455,0.82,0.99971974
178,Weimaraner,0.8888889,0.88,0.8979592,0.88,0.9998999
179,"Staffordshire bullterrier, Staffordshire bull terrier",0.6868687,0.68,0.6938776,0.68,0.9996997
180,"American Staffordshire terrier, Staffordshire terrier, American pit bull terrier, pit bull terrier",0.6,0.6,0.6,0.6,0.9995996
181,Bedlington terrier,0.87234044,0.82,0.9318182,0.82,0.9999399
182,Border terrier,0.82608694,0.76,0.9047619,0.76,0.9999199
183,Kerry blue terrier,0.886598,0.86,0.9148936,0.86,0.9999199
184,Irish terrier,0.7346939,0.72,0.75,0.72,0.99975973
185,Norfolk terrier,0.72727275,0.72,0.7346939,0.72,0.99973977
186,Norwich terrier,0.6862745,0.7,0.6730769,0.7,0.99965966
187,Yorkshire terrier,0.7,0.7,0.7,0.7,0.9996997
188,wire-haired fox terrier,0.8817204,0.82,0.95348835,0.82,0.99995995
189,Lakeland terrier,0.72549015,0.74,0.71153843,0.74,0.9996997
190,"Sealyham terrier, Sealyham",0.9166666,0.88,0.95652175,0.88,0.99995995
191,"Airedale, Airedale terrier",0.85714287,0.84,0.875,0.84,0.9998799
192,"cairn, cairn terrier",0.7924529,0.84,0.75,0.84,0.99971974
193,Australian terrier,0.59090906,0.52,0.68421054,0.52,0.99975973
194,"Dandie Dinmont, Dandie Dinmont terrier",0.8514852,0.86,0.84313726,0.86,0.99983984
195,"Boston bull, Boston terrier",0.84615386,0.88,0.8148148,0.88,0.9997998
196,miniature schnauzer,0.62650603,0.52,0.7878788,0.52,0.99985987
197,giant schnauzer,0.6464646,0.64,0.6530612,0.64,0.99965966
198,standard schnauzer,0.76106197,0.86,0.6825397,0.86,0.9995996
199,"Scotch terrier, Scottish terrier, Scottie",0.7128714,0.72,0.7058824,0.72,0.9996997
200,"Tibetan terrier, chrysanthemum dog",0.68085104,0.64,0.72727275,0.64,0.99975973
201,"silky terrier, Sydney silky",0.79999995,0.76,0.84444445,0.76,0.99985987
202,soft-coated wheaten terrier,0.7818182,0.86,0.71666664,0.86,0.99965966
203,West Highland white terrier,0.82568806,0.9,0.7627119,0.9,0.99971974
204,"Lhasa, Lhasa apso",0.7010309,0.68,0.7234042,0.68,0.99973977
205,flat-coated retriever,0.71428573,0.7,0.7291667,0.7,0.99973977
206,curly-coated retriever,0.84,0.84,0.84,0.84,0.99983984
207,golden retriever,0.77192986,0.88,0.6875,0.88,0.9995996
208,Labrador retriever,0.7962963,0.86,0.7413793,0.86,0.9996997
209,Chesapeake Bay retriever,0.8125,0.78,0.84782606,0.78,0.99985987
210,German short-haired pointer,0.8518518,0.92,0.79310346,0.92,0.99975973
211,"vizsla, Hungarian pointer",0.7407407,0.8,0.6896552,0.8,0.99963963
212,English setter,0.71999997,0.72,0.72,0.72,0.99971974
213,"Irish setter, red setter",0.79591835,0.78,0.8125,0.78,0.9998198
214,Gordon setter,0.86,0.86,0.86,0.86,0.99985987
215,Brittany spaniel,0.7592593,0.82,0.70689654,0.82,0.99965966
216,"clumber, clumber spaniel",0.8737864,0.9,0.8490566,0.9,0.99983984
217,"English springer, English springer spaniel",0.84615386,0.88,0.8148148,0.88,0.9997998
218,Welsh springer spaniel,0.8598131,0.92,0.80701756,0.92,0.99977976
219,"cocker spaniel, English cocker spaniel, cocker",0.71428573,0.7,0.7291667,0.7,0.99973977
220,Sussex spaniel,0.7916667,0.76,0.82608694,0.76,0.99983984
221,Irish water spaniel,0.8453609,0.82,0.87234044,0.82,0.9998799
222,kuvasz,0.6875,0.66,0.7173913,0.66,0.99973977
223,schipperke,0.81132066,0.86,0.76785713,0.86,0.99973977
224,groenendael,0.79591835,0.78,0.8125,0.78,0.9998198
225,malinois,0.8305085,0.98,0.7205882,0.98,0.9996196
226,briard,0.60465115,0.52,0.7222222,0.52,0.9997998
227,kelpie,0.6862745,0.7,0.6730769,0.7,0.99965966
228,komondor,0.8627451,0.88,0.84615386,0.88,0.99983984
229,"Old English sheepdog, bobtail",0.8679245,0.92,0.8214286,0.92,0.9997998
230,"Shetland sheepdog, Shetland sheep dog, Shetland",0.70967746,0.66,0.76744187,0.66,0.9997998
231,collie,0.59047616,0.62,0.56363636,0.62,0.9995195
232,Border collie,0.73214287,0.82,0.66129035,0.82,0.9995796
233,"Bouvier des Flandres, Bouviers des Flandres",0.69767445,0.9,0.56962025,0.9,0.9993193
234,Rottweiler,0.7058824,0.72,0.6923077,0.72,0.9996797
235,"German shepherd, German shepherd dog, German police dog, alsatian",0.80373836,0.86,0.75438595,0.86,0.99971974
236,"Doberman, Doberman pinscher",0.7083334,0.68,0.73913044,0.68,0.99975973
237,miniature pinscher,0.75,0.72,0.7826087,0.72,0.9997998
238,Greater Swiss Mountain dog,0.57142854,0.64,0.516129,0.64,0.9993994
239,Bernese mountain dog,0.8990826,0.98,0.8305085,0.98,0.9997998
240,Appenzeller,0.40476188,0.34,0.5,0.34,0.99965966
241,EntleBucher,0.71153843,0.74,0.6851852,0.74,0.99965966
242,boxer,0.70329666,0.64,0.7804878,0.64,0.9998198
243,bull mastiff,0.8,0.84,0.76363635,0.84,0.99973977
244,Tibetan mastiff,0.92307687,0.96,0.8888889,0.96,0.9998799
245,French bulldog,0.8543689,0.88,0.8301887,0.88,0.9998198
246,Great Dane,0.6666667,0.66,0.67346936,0.66,0.9996797
247,"Saint Bernard, St Bernard",0.9215687,0.94,0.90384614,0.94,0.9998999
248,"Eskimo dog, husky",0.39506173,0.32,0.516129,0.32,0.9996997
249,"malamute, malemute, Alaskan malamute",0.6868687,0.68,0.6938776,0.68,0.9996997
250,Siberian husky,0.51282054,0.6,0.4477612,0.6,0.99925923
251,"dalmatian, coach dog, carriage dog",0.9411765,0.96,0.9230769,0.96,0.9999199
252,"affenpinscher, monkey pinscher, monkey dog",0.8125,0.78,0.84782606,0.78,0.99985987
253,basenji,0.8543689,0.88,0.8301887,0.88,0.9998198
254,"pug, pug-dog",0.9423077,0.98,0.9074074,0.98,0.9998999
255,Leonberg,0.9708738,1.0,0.9433962,1.0,0.9999399
256,"Newfoundland, Newfoundland dog",0.7924529,0.84,0.75,0.84,0.99971974
257,Great Pyrenees,0.75728154,0.78,0.7358491,0.78,0.99971974
258,"Samoyed, Samoyede",0.94,0.94,0.94,0.94,0.9999399
259,Pomeranian,0.9411765,0.96,0.9230769,0.96,0.9999199
260,"chow, chow chow",0.9108911,0.92,0.9019608,0.92,0.9998999
261,keeshond,0.9052632,0.86,0.95555556,0.86,0.99995995
262,Brabancon griffon,0.86956525,0.8,0.95238096,0.8,0.99995995
263,"Pembroke, Pembroke Welsh corgi",0.7522935,0.82,0.69491524,0.82,0.99963963
264,"Cardigan, Cardigan Welsh corgi",0.7191011,0.64,0.82051283,0.64,0.99985987
265,toy poodle,0.5625,0.54,0.5869565,0.54,0.9996196
266,miniature poodle,0.59183675,0.58,0.6041667,0.58,0.9996196
267,standard poodle,0.80733943,0.88,0.7457627,0.88,0.9996997
268,Mexican hairless,0.92,0.92,0.92,0.92,0.9999199
269,"timber wolf, grey wolf, gray wolf, Canis lupus",0.7378641,0.76,0.7169811,0.76,0.9996997
270,"white wolf, Arctic wolf, Canis lupus tundrarum",0.80733943,0.88,0.7457627,0.88,0.9996997
271,"red wolf, maned wolf, Canis rufus, Canis niger",0.65168536,0.58,0.74358976,0.58,0.9997998
272,"coyote, prairie wolf, brush wolf, Canis latrans",0.66019416,0.68,0.6415094,0.68,0.9996196
273,"dingo, warrigal, warragal, Canis dingo",0.72897196,0.78,0.68421054,0.78,0.99963963
274,"dhole, Cuon alpinus",0.87850463,0.94,0.8245614,0.94,0.9997998
275,"African hunting dog, hyena dog, Cape hunting dog, Lycaon pictus",0.9607843,0.98,0.9423077,0.98,0.9999399
276,"hyena, hyaena",0.92,0.92,0.92,0.92,0.9999199
277,"red fox, Vulpes vulpes",0.59615386,0.62,0.5740741,0.62,0.99953955
278,"kit fox, Vulpes macrotis",0.5744681,0.54,0.6136364,0.54,0.99965966
279,"Arctic fox, white fox, Alopex lagopus",0.8952381,0.94,0.8545455,0.94,0.99983984
280,"grey fox, gray fox, Urocyon cinereoargenteus",0.6857143,0.72,0.6545454,0.72,0.9996196
281,"tabby, tabby cat",0.60377353,0.64,0.5714286,0.64,0.9995195
282,tiger cat,0.3030303,0.2,0.625,0.2,0.9998799
283,Persian cat,0.8737864,0.9,0.8490566,0.9,0.99983984
284,"Siamese cat, Siamese",0.8571428,0.9,0.8181818,0.9,0.9997998
285,Egyptian cat,0.5233645,0.56,0.49122807,0.56,0.9994194
286,"cougar, puma, catamount, mountain lion, painter, panther, Felis concolor",0.8910891,0.9,0.88235295,0.9,0.9998799
287,"lynx, catamount",0.7083334,0.68,0.73913044,0.68,0.99975973
288,"leopard, Panthera pardus",0.80808085,0.8,0.81632656,0.8,0.9998198
289,"snow leopard, ounce, Panthera uncia",0.89795923,0.88,0.9166667,0.88,0.9999199
290,"jaguar, panther, Panthera onca, Felis onca",0.80808085,0.8,0.81632656,0.8,0.9998198
291,"lion, king of beasts, Panthera leo",0.9514563,0.98,0.9245283,0.98,0.9999199
292,"tiger, Panthera tigris",0.8392857,0.94,0.7580645,0.94,0.9996997
293,"cheetah, chetah, Acinonyx jubatus",0.8867925,0.94,0.83928573,0.94,0.9998198
294,"brown bear, bruin, Ursus arctos",0.8703704,0.94,0.8103448,0.94,0.99977976
295,"American black bear, black bear, Ursus americanus, Euarctos americanus",0.79279274,0.88,0.72131145,0.88,0.99965966
296,"ice bear, polar bear, Ursus Maritimus, Thalarctos maritimus",0.94,0.94,0.94,0.94,0.9999399
297,"sloth bear, Melursus ursinus, Ursus ursinus",0.8387097,0.78,0.90697676,0.78,0.9999199
298,mongoose,0.7799999,0.78,0.78,0.78,0.99977976
299,"meerkat, mierkat",0.82828283,0.82,0.8367347,0.82,0.99983984
300,tiger beetle,0.8703704,0.94,0.8103448,0.94,0.99977976
301,"ladybug, ladybeetle, lady beetle, ladybird, ladybird beetle",0.84112155,0.9,0.7894737,0.9,0.99975973
302,"ground beetle, carabid beetle",0.70329666,0.64,0.7804878,0.64,0.9998198
303,"long-horned beetle, longicorn, longicorn beetle",0.7216495,0.7,0.7446808,0.7,0.99975973
304,"leaf beetle, chrysomelid",0.68888885,0.62,0.775,0.62,0.9998198
305,dung beetle,0.8,0.84,0.76363635,0.84,0.99973977
306,rhinoceros beetle,0.877551,0.86,0.8958333,0.86,0.9998999
307,weevil,0.8888889,0.88,0.8979592,0.88,0.9998999
308,fly,0.8172043,0.76,0.88372093,0.76,0.9998999
309,bee,0.78350514,0.76,0.80851066,0.76,0.9998198
310,"ant, emmet, pismire",0.65979373,0.64,0.68085104,0.64,0.9996997
311,"grasshopper, hopper",0.6122449,0.6,0.625,0.6,0.99963963
312,cricket,0.6019417,0.62,0.5849057,0.62,0.9995596
313,"walking stick, walkingstick, stick insect",0.6868687,0.68,0.6938776,0.68,0.9996997
314,"cockroach, roach",0.7083334,0.68,0.73913044,0.68,0.99975973
315,"mantis, mantid",0.7173913,0.66,0.78571427,0.66,0.9998198
316,"cicada, cicala",0.8440367,0.92,0.779661,0.92,0.99973977
317,leafhopper,0.8888889,0.88,0.8979592,0.88,0.9998999
318,"lacewing, lacewing fly",0.82,0.82,0.82,0.82,0.9998198
319,"dragonfly, darning needle, devil's darning needle, sewing needle, snake feeder, snake doctor, mosquito hawk, skeeter hawk",0.77894735,0.74,0.82222223,0.74,0.99983984
320,damselfly,0.8118812,0.82,0.8039216,0.82,0.9997998
321,admiral,0.9591837,0.94,0.9791667,0.94,0.99998
322,"ringlet, ringlet butterfly",0.9126213,0.94,0.8867925,0.94,0.9998799
323,"monarch, monarch butterfly, milkweed butterfly, Danaus plexippus",0.9583333,0.92,1.0,0.92,1.0
324,cabbage butterfly,0.94,0.94,0.94,0.94,0.9999399
325,"sulphur butterfly, sulfur butterfly",0.9591837,0.94,0.9791667,0.94,0.99998
326,"lycaenid, lycaenid butterfly",0.90322584,0.84,0.9767442,0.84,0.99998
327,"starfish, sea star",0.89795923,0.88,0.9166667,0.88,0.9999199
328,sea urchin,0.875,0.84,0.9130435,0.84,0.9999199
329,"sea cucumber, holothurian",0.7708334,0.74,0.8043478,0.74,0.9998198
330,"wood rabbit, cottontail, cottontail rabbit",0.7474748,0.74,0.75510204,0.74,0.99975973
331,hare,0.82242984,0.88,0.7719298,0.88,0.99973977
332,"Angora, Angora rabbit",0.9320388,0.96,0.9056604,0.96,0.9998999
333,hamster,0.92592597,1.0,0.86206895,1.0,0.99983984
334,"porcupine, hedgehog",0.886598,0.86,0.9148936,0.86,0.9999199
335,"fox squirrel, eastern fox squirrel, Sciurus niger",0.8269231,0.86,0.7962963,0.86,0.99977976
336,marmot,0.86238533,0.94,0.7966102,0.94,0.99975973
337,beaver,0.8333334,0.8,0.8695652,0.8,0.9998799
338,"guinea pig, Cavia cobaya",0.8387097,0.78,0.90697676,0.78,0.9999199
339,sorrel,0.97029704,0.98,0.9607843,0.98,0.99995995
340,zebra,0.9591837,0.94,0.9791667,0.94,0.99998
341,"hog, pig, grunter, squealer, Sus scrofa",0.6436782,0.56,0.7567568,0.56,0.9998198
342,"wild boar, boar, Sus scrofa",0.8333333,0.9,0.7758621,0.9,0.99973977
343,warthog,0.8952381,0.94,0.8545455,0.94,0.99983984
344,"hippopotamus, hippo, river horse, Hippopotamus amphibius",0.875,0.84,0.9130435,0.84,0.9999199
345,ox,0.63414633,0.52,0.8125,0.52,0.9998799
346,"water buffalo, water ox, Asiatic buffalo, Bubalus bubalis",0.7676767,0.76,0.7755102,0.76,0.99977976
347,bison,0.9,0.9,0.9,0.9,0.9998999
348,"ram, tup",0.5633803,0.4,0.95238096,0.4,0.99998
349,"bighorn, bighorn sheep, cimarron, Rocky Mountain bighorn, Rocky Mountain sheep, Ovis canadensis",0.75969,0.98,0.62025315,0.98,0.9993994
350,"ibex, Capra ibex",0.9215687,0.94,0.90384614,0.94,0.9998999
351,hartebeest,0.9,0.9,0.9,0.9,0.9998999
352,"impala, Aepyceros melampus",0.81904763,0.86,0.7818182,0.86,0.99975973
353,gazelle,0.74725276,0.68,0.8292683,0.68,0.99985987
354,"Arabian camel, dromedary, Camelus dromedarius",0.8990826,0.98,0.8305085,0.98,0.9997998
355,llama,0.8842105,0.84,0.93333334,0.84,0.9999399
356,weasel,0.53658533,0.44,0.6875,0.44,0.9997998
357,mink,0.74766356,0.8,0.7017544,0.8,0.99965966
358,"polecat, fitch, foulmart, foumart, Mustela putorius",0.5242719,0.54,0.509434,0.54,0.9994795
359,"black-footed ferret, ferret, Mustela nigripes",0.6530613,0.64,0.6666667,0.64,0.9996797
360,otter,0.7916667,0.76,0.82608694,0.76,0.99983984
361,"skunk, polecat, wood pussy",0.9423077,0.98,0.9074074,0.98,0.9998999
362,badger,0.8737864,0.9,0.8490566,0.9,0.99983984
363,armadillo,0.8823529,0.9,0.86538464,0.9,0.99985987
364,"three-toed sloth, ai, Bradypus tridactylus",0.95238096,1.0,0.90909094,1.0,0.9998999
365,"orangutan, orang, orangutang, Pongo pygmaeus",0.9292929,0.92,0.93877554,0.92,0.9999399
366,"gorilla, Gorilla gorilla",0.847826,0.78,0.9285714,0.78,0.9999399
367,"chimpanzee, chimp, Pan troglodytes",0.8653845,0.9,0.8333333,0.9,0.9998198
368,"gibbon, Hylobates lar",0.7551021,0.74,0.7708333,0.74,0.99977976
369,"siamang, Hylobates syndactylus, Symphalangus syndactylus",0.8627451,0.88,0.84615386,0.88,0.99983984
370,"guenon, guenon monkey",0.8453609,0.82,0.87234044,0.82,0.9998799
371,"patas, hussar monkey, Erythrocebus patas",0.6868687,0.68,0.6938776,0.68,0.9996997
372,baboon,0.8363636,0.92,0.76666665,0.92,0.99971974
373,macaque,0.7378641,0.76,0.7169811,0.76,0.9996997
374,langur,0.7333333,0.66,0.825,0.66,0.99985987
375,"colobus, colobus monkey",0.9148936,0.86,0.97727275,0.86,0.99998
376,"proboscis monkey, Nasalis larvatus",0.92592597,1.0,0.86206895,1.0,0.99983984
377,marmoset,0.7311828,0.68,0.7906977,0.68,0.9998198
378,"capuchin, ringtail, Cebus capucinus",0.77777773,0.84,0.7241379,0.84,0.9996797
379,"howler monkey, howler",0.80373836,0.86,0.75438595,0.86,0.99971974
380,"titi, titi monkey",0.60550463,0.66,0.55932206,0.66,0.9994795
381,"spider monkey, Ateles geoffroyi",0.48717952,0.38,0.6785714,0.38,0.9998198
382,"squirrel monkey, Saimiri sciureus",0.64220184,0.7,0.59322035,0.7,0.9995195
383,"Madagascar cat, ring-tailed lemur, Lemur catta",0.8,0.72,0.9,0.72,0.9999199
384,"indri, indris, Indri indri, Indri brevicaudatus",0.8070175,0.92,0.71875,0.92,0.99963963
385,"Indian elephant, Elephas maximus",0.55102044,0.54,0.5625,0.54,0.9995796
386,"African elephant, Loxodonta africana",0.60240966,0.5,0.75757575,0.5,0.99983984
387,"lesser panda, red panda, panda, bear cat, cat bear, Ailurus fulgens",0.94,0.94,0.94,0.94,0.9999399
388,"giant panda, panda, panda bear, coon bear, Ailuropoda melanoleuca",0.9292929,0.92,0.93877554,0.92,0.9999399
389,"barracouta, snoek",0.82,0.82,0.82,0.82,0.9998198
390,eel,0.75862074,0.66,0.8918919,0.66,0.9999199
391,"coho, cohoe, coho salmon, blue jack, silver salmon, Oncorhynchus kisutch",0.8297872,0.78,0.8863636,0.78,0.9998999
392,"rock beauty, Holocanthus tricolor",0.95049506,0.96,0.9411765,0.96,0.9999399
393,anemone fish,0.8958333,0.86,0.9347826,0.86,0.9999399
394,sturgeon,0.74,0.74,0.74,0.74,0.99973977
395,"gar, garfish, garpike, billfish, Lepisosteus osseus",0.6464646,0.64,0.6530612,0.64,0.99965966
396,lionfish,0.9306931,0.94,0.92156863,0.94,0.9999199
397,"puffer, pufferfish, blowfish, globefish",0.88,0.88,0.88,0.88,0.9998799
398,abacus,0.8333334,0.8,0.8695652,0.8,0.9998799
399,abaya,0.80373836,0.86,0.75438595,0.86,0.99971974
400,"academic gown, academic robe, judge's robe",0.54545456,0.6,0.5,0.6,0.9993994
401,"accordion, piano accordion, squeeze box",0.8484848,0.84,0.85714287,0.84,0.99985987
402,acoustic guitar,0.5977011,0.52,0.7027027,0.52,0.99977976
403,"aircraft carrier, carrier, flattop, attack aircraft carrier",0.8431373,0.86,0.8269231,0.86,0.9998198
404,airliner,0.8468469,0.94,0.7704918,0.94,0.99971974
405,"airship, dirigible",0.8453609,0.82,0.87234044,0.82,0.9998799
406,altar,0.6785714,0.76,0.61290324,0.76,0.9995195
407,ambulance,0.8135593,0.96,0.7058824,0.96,0.9995996
408,"amphibian, amphibious vehicle",0.7422681,0.72,0.7659575,0.72,0.99977976
409,analog clock,0.60550463,0.66,0.55932206,0.66,0.9994795
410,"apiary, bee house",0.80373836,0.86,0.75438595,0.86,0.99971974
411,apron,0.70454544,0.62,0.81578946,0.62,0.99985987
412,"ashcan, trash can, garbage can, wastebin, ash bin, ash-bin, ashbin, dustbin, trash barrel, trash bin",0.5,0.46,0.54761904,0.46,0.9996196
413,"assault rifle, assault gun",0.5416667,0.52,0.5652174,0.52,0.9995996
414,"backpack, back pack, knapsack, packsack, rucksack, haversack",0.5121951,0.42,0.65625,0.42,0.99977976
415,"bakery, bakeshop, bakehouse",0.32258064,0.3,0.3488372,0.3,0.9994394
416,"balance beam, beam",0.77966106,0.92,0.6764706,0.92,0.9995596
417,balloon,0.8440367,0.92,0.779661,0.92,0.99973977
418,"ballpoint, ballpoint pen, ballpen, Biro",0.64077675,0.66,0.6226415,0.66,0.9995996
419,Band Aid,0.6938775,0.68,0.7083333,0.68,0.99971974
420,banjo,0.8514852,0.86,0.84313726,0.86,0.99983984
421,"bannister, banister, balustrade, balusters, handrail",0.6666666,0.78,0.58208954,0.78,0.9994394
422,barbell,0.6530613,0.64,0.6666667,0.64,0.9996797
423,barber chair,0.77477473,0.86,0.704918,0.86,0.99963963
424,barbershop,0.44705883,0.38,0.54285717,0.38,0.9996797
425,barn,0.9411765,0.96,0.9230769,0.96,0.9999199
426,barometer,0.8627451,0.88,0.84615386,0.88,0.99983984
427,"barrel, cask",0.7157895,0.68,0.75555557,0.68,0.99977976
428,"barrow, garden cart, lawn cart, wheelbarrow",0.776699,0.8,0.754717,0.8,0.99973977
429,baseball,0.82474226,0.8,0.85106385,0.8,0.99985987
430,basketball,0.9583333,0.92,1.0,0.92,1.0
431,bassinet,0.6956522,0.8,0.61538464,0.8,0.9994995
432,bassoon,0.81553394,0.84,0.7924528,0.84,0.99977976
433,"bathing cap, swimming cap",0.65217394,0.6,0.71428573,0.6,0.99975973
434,bath towel,0.6976744,0.6,0.8333333,0.6,0.9998799
435,"bathtub, bathing tub, bath, tub",0.44247785,0.5,0.3968254,0.5,0.99923927
436,"beach wagon, station wagon, wagon, estate car, beach waggon, station waggon, waggon",0.6138614,0.62,0.60784316,0.62,0.9995996
437,"beacon, lighthouse, beacon light, pharos",0.8349515,0.86,0.8113208,0.86,0.9997998
438,beaker,0.6292135,0.56,0.71794873,0.56,0.99977976
439,"bearskin, busby, shako",0.8653845,0.9,0.8333333,0.9,0.9998198
440,beer bottle,0.6666667,0.62,0.7209302,0.62,0.99975973
441,beer glass,0.6336633,0.64,0.627451,0.64,0.9996196
442,"bell cote, bell cot",0.656,0.82,0.5466667,0.82,0.9993193
443,bib,0.7191011,0.64,0.82051283,0.64,0.99985987
444,"bicycle-built-for-two, tandem bicycle, tandem",0.7592593,0.82,0.70689654,0.82,0.99965966
445,"bikini, two-piece",0.5607477,0.6,0.5263158,0.6,0.99945945
446,"binder, ring-binder",0.6875,0.66,0.7173913,0.66,0.99973977
447,"binoculars, field glasses, opera glasses",0.61702126,0.58,0.65909094,0.58,0.9996997
448,birdhouse,0.78095245,0.82,0.74545455,0.82,0.99971974
449,boathouse,0.7368421,0.84,0.65625,0.84,0.9995596
450,"bobsled, bobsleigh, bob",0.8703704,0.94,0.8103448,0.94,0.99977976
451,"bolo tie, bolo, bola tie, bola",0.8712871,0.88,0.8627451,0.88,0.99985987
452,"bonnet, poke bonnet",0.6857143,0.72,0.6545454,0.72,0.9996196
453,bookcase,0.60377353,0.64,0.5714286,0.64,0.9995195
454,"bookshop, bookstore, bookstall",0.48275864,0.42,0.5675676,0.42,0.9996797
455,bottlecap,0.6813187,0.62,0.75609756,0.62,0.9997998
456,bow,0.66101694,0.78,0.5735294,0.78,0.9994194
457,"bow tie, bow-tie, bowtie",0.7191011,0.64,0.82051283,0.64,0.99985987
458,"brass, memorial tablet, plaque",0.86868685,0.86,0.877551,0.86,0.9998799
459,"brassiere, bra, bandeau",0.6896552,0.6,0.8108108,0.6,0.99985987
460,"breakwater, groin, groyne, mole, bulwark, seawall, jetty",0.6896552,0.6,0.8108108,0.6,0.99985987
461,"breastplate, aegis, egis",0.47058824,0.4,0.5714286,0.4,0.9996997
462,broom,0.7446809,0.7,0.79545456,0.7,0.9998198
463,"bucket, pail",0.55102044,0.54,0.5625,0.54,0.9995796
464,buckle,0.62650603,0.52,0.7878788,0.52,0.99985987
465,bulletproof vest,0.6868687,0.68,0.6938776,0.68,0.9996997
466,"bullet train, bullet",0.9514563,0.98,0.9245283,0.98,0.9999199
467,"butcher shop, meat market",0.7083334,0.68,0.73913044,0.68,0.99975973
468,"cab, hack, taxi, taxicab",0.7446809,0.7,0.79545456,0.7,0.9998198
469,"caldron, cauldron",0.5470086,0.64,0.47761193,0.64,0.9992993
470,"candle, taper, wax light",0.58407086,0.66,0.52380955,0.66,0.9993994
471,cannon,0.8888889,0.88,0.8979592,0.88,0.9998999
472,canoe,0.8275862,0.96,0.72727275,0.96,0.99963963
473,"can opener, tin opener",0.6363636,0.7,0.5833333,0.7,0.9994995
474,cardigan,0.7307693,0.76,0.7037037,0.76,0.9996797
475,car mirror,0.86238533,0.94,0.7966102,0.94,0.99975973
476,"carousel, carrousel, merry-go-round, roundabout, whirligig",0.9056604,0.96,0.85714287,0.96,0.99983984
477,"carpenter's kit, tool kit",0.544,0.68,0.45333335,0.68,0.9991792
478,carton,0.54545456,0.54,0.5510204,0.54,0.9995596
479,car wheel,0.5479452,0.4,0.8695652,0.4,0.9999399
480,"cash machine, cash dispenser, automated teller machine, automatic teller machine, automated teller, automatic teller, ATM",0.72072077,0.8,0.6557377,0.8,0.9995796
481,cassette,0.7111111,0.64,0.8,0.64,0.99983984
482,cassette player,0.3488372,0.3,0.41666666,0.3,0.9995796
483,castle,0.7,0.7,0.7,0.7,0.9996997
484,catamaran,0.7083334,0.68,0.73913044,0.68,0.99975973
485,CD player,0.43373495,0.36,0.54545456,0.36,0.9996997
486,"cello, violoncello",0.9183674,0.9,0.9375,0.9,0.9999399
487,"cellular telephone, cellular phone, cellphone, cell, mobile phone",0.63461536,0.66,0.6111111,0.66,0.9995796
488,chain,0.40506327,0.32,0.55172414,0.32,0.99973977
489,chainlink fence,0.6938775,0.68,0.7083333,0.68,0.99971974
490,"chain mail, ring mail, mail, chain armor, chain armour, ring armor, ring armour",0.75294113,0.64,0.9142857,0.64,0.9999399
491,"chain saw, chainsaw",0.83146065,0.74,0.94871795,0.74,0.99995995
492,chest,0.7010309,0.68,0.7234042,0.68,0.99973977
493,"chiffonier, commode",0.5063291,0.4,0.6896552,0.4,0.9998198
494,"chime, bell, gong",0.57142854,0.52,0.63414633,0.52,0.9996997
495,"china cabinet, china closet",0.82,0.82,0.82,0.82,0.9998198
496,Christmas stocking,0.8431373,0.86,0.8269231,0.86,0.9998198
497,"church, church building",0.4883721,0.42,0.5833333,0.42,0.9996997
498,"cinema, movie theater, movie theatre, movie house, picture palace",0.6666667,0.68,0.65384614,0.68,0.99963963
499,"cleaver, meat cleaver, chopper",0.41463414,0.34,0.53125,0.34,0.9996997
500,cliff dwelling,0.9019608,0.92,0.88461536,0.92,0.9998799
501,cloak,0.4691358,0.38,0.61290324,0.38,0.99975973
502,"clog, geta, patten, sabot",0.76086956,0.7,0.8333333,0.7,0.99985987
503,cocktail shaker,0.6292135,0.56,0.71794873,0.56,0.99977976
504,coffee mug,0.5192308,0.54,0.5,0.54,0.99945945
505,coffeepot,0.58620685,0.68,0.5151515,0.68,0.99935937
506,"coil, spiral, volute, whorl, helix",0.7083334,0.68,0.73913044,0.68,0.99975973
507,combination lock,0.68085104,0.64,0.72727275,0.64,0.99975973
508,"computer keyboard, keypad",0.5981308,0.64,0.5614035,0.64,0.9994995
509,"confectionery, confectionary, candy store",0.517647,0.44,0.62857145,0.44,0.99973977
510,"container ship, containership, container vessel",0.84905666,0.9,0.8035714,0.9,0.99977976
511,convertible,0.69902915,0.72,0.6792453,0.72,0.99965966
512,"corkscrew, bottle screw",0.88,0.88,0.88,0.88,0.9998799
513,"cornet, horn, trumpet, trump",0.6741574,0.6,0.7692308,0.6,0.9998198
514,cowboy boot,0.75294113,0.64,0.9142857,0.64,0.9999399
515,"cowboy hat, ten-gallon hat",0.62745094,0.64,0.61538464,0.64,0.9995996
516,cradle,0.4,0.36,0.45,0.36,0.9995596
517,crane,0.77358484,0.82,0.73214287,0.82,0.9996997
518,crash helmet,0.80357146,0.9,0.7258065,0.9,0.99965966
519,crate,0.57894737,0.66,0.515625,0.66,0.9993794
520,"crib, cot",0.776699,0.8,0.754717,0.8,0.99973977
521,Crock Pot,0.79120886,0.72,0.8780488,0.72,0.9998999
522,croquet ball,0.7627118,0.9,0.6617647,0.9,0.99953955
523,crutch,0.45045045,0.5,0.40983605,0.5,0.99927926
524,cuirass,0.49523807,0.52,0.47272727,0.52,0.9994194
525,"dam, dike, dyke",0.76190484,0.8,0.72727275,0.8,0.9996997
526,desk,0.46153846,0.66,0.3548387,0.66,0.9987988
527,desktop computer,0.49253732,0.66,0.39285713,0.66,0.998979
528,"dial telephone, dial phone",0.9183674,0.9,0.9375,0.9,0.9999399
529,"diaper, nappy, napkin",0.626087,0.72,0.5538462,0.72,0.9994194
530,digital clock,0.6666667,0.6,0.75,0.6,0.9997998
531,digital watch,0.63043475,0.58,0.6904762,0.58,0.99973977
532,"dining table, board",0.6942148,0.84,0.5915493,0.84,0.9994194
533,"dishrag, dishcloth",0.84905666,0.9,0.8035714,0.9,0.99977976
534,"dishwasher, dish washer, dishwashing machine",0.65168536,0.58,0.74358976,0.58,0.9997998
535,"disk brake, disc brake",0.9019608,0.92,0.88461536,0.92,0.9998799
536,"dock, dockage, docking facility",0.3888889,0.28,0.6363636,0.28,0.99983984
537,"dogsled, dog sled, dog sleigh",0.8952381,0.94,0.8545455,0.94,0.99983984
538,dome,0.7291667,0.7,0.76086956,0.7,0.99977976
539,"doormat, welcome mat",0.6444444,0.58,0.725,0.58,0.99977976
540,"drilling platform, offshore rig",0.8545455,0.94,0.78333336,0.94,0.99973977
541,"drum, membranophone, tympan",0.44444448,0.36,0.58064514,0.36,0.99973977
542,drumstick,0.57142854,0.52,0.63414633,0.52,0.9996997
543,dumbbell,0.53333336,0.56,0.5090909,0.56,0.99945945
544,Dutch oven,0.7326733,0.74,0.7254902,0.74,0.99971974
545,"electric fan, blower",0.80733943,0.88,0.7457627,0.88,0.9996997
546,electric guitar,0.6736842,0.64,0.7111111,0.64,0.99973977
547,electric locomotive,0.86868685,0.86,0.877551,0.86,0.9998799
548,entertainment center,0.7933884,0.96,0.6760563,0.96,0.99953955
549,envelope,0.5581395,0.48,0.6666667,0.48,0.99975973
550,espresso maker,0.72527474,0.66,0.80487806,0.66,0.99983984
551,face powder,0.7755102,0.76,0.7916667,0.76,0.9997998
552,"feather boa, boa",0.77894735,0.74,0.82222223,0.74,0.99983984
553,"file, file cabinet, filing cabinet",0.7924529,0.84,0.75,0.84,0.99971974
554,fireboat,0.93333334,0.98,0.8909091,0.98,0.9998799
555,"fire engine, fire truck",0.8351648,0.76,0.9268293,0.76,0.9999399
556,"fire screen, fireguard",0.6930693,0.7,0.6862745,0.7,0.9996797
557,"flagpole, flagstaff",0.76,0.76,0.76,0.76,0.99975973
558,"flute, transverse flute",0.42105263,0.4,0.44444445,0.4,0.9994995
559,folding chair,0.6593407,0.6,0.73170733,0.6,0.99977976
560,football helmet,0.87234044,0.82,0.9318182,0.82,0.9999399
561,forklift,0.87234044,0.82,0.9318182,0.82,0.9999399
562,fountain,0.7551021,0.74,0.7708333,0.74,0.99977976
563,fountain pen,0.795699,0.74,0.8604651,0.74,0.9998799
564,four-poster,0.84905666,0.9,0.8035714,0.9,0.99977976
565,freight car,0.96,0.96,0.96,0.96,0.99995995
566,"French horn, horn",0.8351648,0.76,0.9268293,0.76,0.9999399
567,"frying pan, frypan, skillet",0.5679012,0.46,0.7419355,0.46,0.99983984
568,fur coat,0.8518518,0.92,0.79310346,0.92,0.99975973
569,"garbage truck, dustcart",0.77966106,0.92,0.6764706,0.92,0.9995596
570,"gasmask, respirator, gas helmet",0.7522935,0.82,0.69491524,0.82,0.99963963
571,"gas pump, gasoline pump, petrol pump, island dispenser",0.80808085,0.8,0.81632656,0.8,0.9998198
572,goblet,0.61904764,0.52,0.7647059,0.52,0.99983984
573,go-kart,0.95049506,0.96,0.9411765,0.96,0.9999399
574,golf ball,0.8453609,0.82,0.87234044,0.82,0.9998799
575,"golfcart, golf cart",0.81553394,0.84,0.7924528,0.84,0.99977976
576,gondola,0.9514563,0.98,0.9245283,0.98,0.9999199
577,"gong, tam-tam",0.77064216,0.84,0.7118644,0.84,0.99965966
578,gown,0.62650603,0.52,0.7878788,0.52,0.99985987
579,"grand piano, grand",0.7311828,0.68,0.7906977,0.68,0.9998198
580,"greenhouse, nursery, glasshouse",0.78350514,0.76,0.80851066,0.76,0.9998198
581,"grille, radiator grille",0.71428573,0.6,0.88235295,0.6,0.9999199
582,"grocery store, grocery, food market, market",0.53333336,0.64,0.45714286,0.64,0.99923927
583,guillotine,0.8703704,0.94,0.8103448,0.94,0.99977976
584,hair slide,0.47272727,0.52,0.43333334,0.52,0.9993193
585,hair spray,0.37837836,0.28,0.5833333,0.28,0.9997998
586,half track,0.7326733,0.74,0.7254902,0.74,0.99971974
587,hammer,0.6666667,0.56,0.8235294,0.56,0.9998799
588,hamper,0.6336633,0.64,0.627451,0.64,0.9996196
589,"hand blower, blow dryer, blow drier, hair dryer, hair drier",0.6813187,0.62,0.75609756,0.62,0.9997998
590,"hand-held computer, hand-held microcomputer",0.6956521,0.64,0.7619048,0.64,0.9997998
591,"handkerchief, hankie, hanky, hankey",0.8076922,0.84,0.7777778,0.84,0.99975973
592,"hard disc, hard disk, fixed disk",0.8367347,0.82,0.8541667,0.82,0.99985987
593,"harmonica, mouth organ, harp, mouth harp",0.74,0.74,0.74,0.74,0.99973977
594,harp,0.8653845,0.9,0.8333333,0.9,0.9998198
595,"harvester, reaper",0.7378641,0.76,0.7169811,0.76,0.9996997
596,hatchet,0.6451613,0.6,0.6976744,0.6,0.99973977
597,holster,0.68817204,0.64,0.74418604,0.64,0.99977976
598,"home theater, home theatre",0.62790704,0.54,0.75,0.54,0.9998198
599,honeycomb,0.67346936,0.66,0.6875,0.66,0.9996997
600,"hook, claw",0.29213482,0.26,0.33333334,0.26,0.9994795
601,"hoopskirt, crinoline",0.5846154,0.76,0.475,0.76,0.99915916
602,"horizontal bar, high bar",0.6851852,0.74,0.63793105,0.74,0.9995796
603,"horse cart, horse-cart",0.79591835,0.78,0.8125,0.78,0.9998198
604,hourglass,0.98,0.98,0.98,0.98,0.99998
605,iPod,0.8041237,0.78,0.82978725,0.78,0.99983984
606,"iron, smoothing iron",0.80808085,0.8,0.81632656,0.8,0.9998198
607,jack-o'-lantern,0.9320388,0.96,0.9056604,0.96,0.9998999
608,"jean, blue jean, denim",0.7216495,0.7,0.7446808,0.7,0.99975973
609,"jeep, landrover",0.77894735,0.74,0.82222223,0.74,0.99983984
610,"jersey, T-shirt, tee shirt",0.83168316,0.84,0.8235294,0.84,0.9998198
611,jigsaw puzzle,0.8823529,0.9,0.86538464,0.9,0.99985987
612,"jinrikisha, ricksha, rickshaw",0.79646015,0.9,0.71428573,0.9,0.99963963
613,joystick,0.81904763,0.86,0.7818182,0.86,0.99975973
614,kimono,0.7924529,0.84,0.75,0.84,0.99971974
615,knee pad,0.86315787,0.82,0.9111111,0.82,0.9999199
616,knot,0.76,0.76,0.76,0.76,0.99975973
617,"lab coat, laboratory coat",0.62992126,0.8,0.5194805,0.8,0.99925923
618,ladle,0.37974682,0.3,0.51724136,0.3,0.99971974
619,"lampshade, lamp shade",0.5194805,0.4,0.7407407,0.4,0.99985987
620,"laptop, laptop computer",0.29473686,0.28,0.31111112,0.28,0.9993794
621,"lawn mower, mower",0.82242984,0.88,0.7719298,0.88,0.99973977
622,"lens cap, lens cover",0.6052632,0.46,0.88461536,0.46,0.9999399
623,"letter opener, paper knife, paperknife",0.5,0.36,0.8181818,0.36,0.9999199
624,library,0.5492958,0.78,0.42391303,0.78,0.9989389
625,lifeboat,0.9306931,0.94,0.92156863,0.94,0.9999199
626,"lighter, light, igniter, ignitor",0.6666666,0.76,0.59375,0.76,0.9994795
627,"limousine, limo",0.79999995,0.76,0.84444445,0.76,0.99985987
628,"liner, ocean liner",0.8761905,0.92,0.8363636,0.92,0.9998198
629,"lipstick, lip rouge",0.8041237,0.78,0.82978725,0.78,0.99983984
630,Loafer,0.86,0.86,0.86,0.86,0.99985987
631,lotion,0.60714287,0.68,0.5483871,0.68,0.9994394
632,"loudspeaker, speaker, speaker unit, loudspeaker system, speaker system",0.6292135,0.56,0.71794873,0.56,0.99977976
633,"loupe, jeweler's loupe",0.475,0.38,0.6333333,0.38,0.99977976
634,"lumbermill, sawmill",0.6666666,0.84,0.55263156,0.84,0.9993193
635,magnetic compass,0.7070707,0.7,0.71428573,0.7,0.99971974
636,"mailbag, postbag",0.6981132,0.74,0.66071427,0.74,0.9996196
637,"mailbox, letter box",0.84210527,0.8,0.8888889,0.8,0.9998999
638,maillot,0.25,0.22,0.28947368,0.22,0.99945945
639,"maillot, tank suit",0.3232323,0.32,0.3265306,0.32,0.99933934
640,manhole cover,0.9375,0.9,0.9782609,0.9,0.99998
641,maraca,0.7378641,0.76,0.7169811,0.76,0.9996997
642,"marimba, xylophone",0.8703704,0.94,0.8103448,0.94,0.99977976
643,mask,0.61176467,0.52,0.74285716,0.52,0.9998198
644,matchstick,0.67307687,0.7,0.6481481,0.7,0.9996196
645,maypole,0.8727273,0.96,0.8,0.96,0.99975973
646,"maze, labyrinth",0.84905666,0.9,0.8035714,0.9,0.99977976
647,measuring cup,0.7128714,0.72,0.7058824,0.72,0.9996997
648,"medicine chest, medicine cabinet",0.61403507,0.7,0.546875,0.7,0.9994194
649,"megalith, megalithic structure",0.8842105,0.84,0.93333334,0.84,0.9999399
650,"microphone, mike",0.5681818,0.5,0.65789473,0.5,0.99973977
651,"microwave, microwave oven",0.61176467,0.52,0.74285716,0.52,0.9998198
652,military uniform,0.6666667,0.64,0.6956522,0.64,0.99971974
653,milk can,0.7378641,0.76,0.7169811,0.76,0.9996997
654,minibus,0.7,0.84,0.6,0.84,0.9994394
655,"miniskirt, mini",0.57692313,0.6,0.5555556,0.6,0.9995195
656,minivan,0.6136364,0.54,0.7105263,0.54,0.99977976
657,missile,0.50909096,0.56,0.46666667,0.56,0.99935937
658,mitten,0.7592593,0.82,0.70689654,0.82,0.99965966
659,mixing bowl,0.7850467,0.84,0.7368421,0.84,0.9996997
660,"mobile home, manufactured home",0.6464646,0.64,0.6530612,0.64,0.99965966
661,Model T,0.8761905,0.92,0.8363636,0.92,0.9998198
662,modem,0.66,0.66,0.66,0.66,0.99965966
663,monastery,0.49541286,0.54,0.45762712,0.54,0.99935937
664,monitor,0.29629627,0.24,0.38709676,0.24,0.9996196
665,moped,0.7191011,0.64,0.82051283,0.64,0.99985987
666,mortar,0.81553394,0.84,0.7924528,0.84,0.99977976
667,mortarboard,0.63529414,0.54,0.7714286,0.54,0.99983984
668,mosque,0.8598131,0.92,0.80701756,0.92,0.99977976
669,mosquito net,0.8712871,0.88,0.8627451,0.88,0.99985987
670,"motor scooter, scooter",0.84,0.84,0.84,0.84,0.99983984
671,"mountain bike, all-terrain bike, off-roader",0.7049181,0.86,0.5972222,0.86,0.9994194
672,mountain tent,0.92307687,0.96,0.8888889,0.96,0.9998799
673,"mouse, computer mouse",0.48717952,0.38,0.6785714,0.38,0.9998198
674,mousetrap,0.677686,0.82,0.57746476,0.82,0.9993994
675,moving van,0.6966292,0.62,0.7948718,0.62,0.99983984
676,muzzle,0.65,0.52,0.8666667,0.52,0.9999199
677,nail,0.6526316,0.62,0.6888889,0.62,0.99971974
678,neck brace,0.6,0.6,0.6,0.6,0.9995996
679,necklace,0.7213115,0.88,0.6111111,0.88,0.9994394
680,nipple,0.7368421,0.84,0.65625,0.84,0.9995596
681,"notebook, notebook computer",0.21052632,0.2,0.22222222,0.2,0.9992993
682,obelisk,0.8039216,0.82,0.78846157,0.82,0.99977976
683,"oboe, hautboy, hautbois",0.6938775,0.68,0.7083333,0.68,0.99971974
684,"ocarina, sweet potato",0.8118812,0.82,0.8039216,0.82,0.9997998
685,"odometer, hodometer, mileometer, milometer",0.98,0.98,0.98,0.98,0.99998
686,oil filter,0.7307693,0.76,0.7037037,0.76,0.9996797
687,"organ, pipe organ",0.8842105,0.84,0.93333334,0.84,0.9999399
688,"oscilloscope, scope, cathode-ray oscilloscope, CRO",0.8571428,0.96,0.7741935,0.96,0.99971974
689,overskirt,0.3877551,0.38,0.39583334,0.38,0.9994194
690,oxcart,0.69767445,0.9,0.56962025,0.9,0.9993193
691,oxygen mask,0.58181816,0.64,0.53333336,0.64,0.9994394
692,packet,0.4705882,0.64,0.37209302,0.64,0.9989189
693,"paddle, boat paddle",0.6292135,0.56,0.71794873,0.56,0.99977976
694,"paddlewheel, paddle wheel",0.90909094,0.9,0.9183673,0.9,0.9999199
695,padlock,0.75,0.72,0.7826087,0.72,0.9997998
696,paintbrush,0.79999995,0.76,0.84444445,0.76,0.99985987
697,"pajama, pyjama, pj's, jammies",0.65546215,0.78,0.5652174,0.78,0.9993994
698,palace,0.6046511,0.78,0.49367088,0.78,0.9991992
699,"panpipe, pandean pipe, syrinx",0.82474226,0.8,0.85106385,0.8,0.99985987
700,paper towel,0.6813187,0.62,0.75609756,0.62,0.9997998
701,"parachute, chute",0.8598131,0.92,0.80701756,0.92,0.99977976
702,"parallel bars, bars",0.69724774,0.76,0.6440678,0.76,0.9995796
703,park bench,0.6981132,0.74,0.66071427,0.74,0.9996196
704,parking meter,0.86,0.86,0.86,0.86,0.99985987
705,"passenger car, coach, carriage",0.6097561,0.5,0.78125,0.5,0.99985987
706,"patio, terrace",0.5121951,0.42,0.65625,0.42,0.99977976
707,"pay-phone, pay-station",0.81632656,0.8,0.8333333,0.8,0.99983984
708,"pedestal, plinth, footstall",0.5806452,0.54,0.627907,0.54,0.9996797
709,"pencil box, pencil case",0.6,0.54,0.675,0.54,0.99973977
710,pencil sharpener,0.5106383,0.48,0.54545456,0.48,0.9995996
711,"perfume, essence",0.6930693,0.7,0.6862745,0.7,0.9996797
712,Petri dish,0.75247526,0.76,0.74509805,0.76,0.99973977
713,photocopier,0.7328245,0.96,0.5925926,0.96,0.99933934
714,"pick, plectrum, plectron",0.8041237,0.78,0.82978725,0.78,0.99983984
715,pickelhaube,0.8118812,0.82,0.8039216,0.82,0.9997998
716,"picket fence, paling",0.82,0.82,0.82,0.82,0.9998198
717,"pickup, pickup truck",0.7333333,0.66,0.825,0.66,0.99985987
718,pier,0.5046729,0.54,0.47368422,0.54,0.9993994
719,"piggy bank, penny bank",0.84905666,0.9,0.8035714,0.9,0.99977976
720,pill bottle,0.754717,0.8,0.71428573,0.8,0.9996797
721,pillow,0.8131868,0.74,0.902439,0.74,0.9999199
722,ping-pong ball,0.8118812,0.82,0.8039216,0.82,0.9997998
723,pinwheel,0.8118812,0.82,0.8039216,0.82,0.9997998
724,"pirate, pirate ship",0.795699,0.74,0.8604651,0.74,0.9998799
725,"pitcher, ewer",0.47058824,0.4,0.5714286,0.4,0.9996997
726,"plane, carpenter's plane, woodworking plane",0.8910891,0.9,0.88235295,0.9,0.9998799
727,planetarium,0.91588783,0.98,0.8596491,0.98,0.99983984
728,plastic bag,0.43956047,0.4,0.4878049,0.4,0.9995796
729,plate rack,0.7422681,0.72,0.7659575,0.72,0.99977976
730,"plow, plough",0.7551021,0.74,0.7708333,0.74,0.99977976
731,"plunger, plumber's helper",0.5048543,0.52,0.49056605,0.52,0.99945945
732,"Polaroid camera, Polaroid Land camera",0.78846157,0.82,0.7592593,0.82,0.99973977
733,pole,0.42857143,0.42,0.4375,0.42,0.99945945
734,"police van, police wagon, paddy wagon, patrol wagon, wagon, black Maria",0.74766356,0.8,0.7017544,0.8,0.99965966
735,poncho,0.6607143,0.74,0.5967742,0.74,0.9994995
736,"pool table, billiard table, snooker table",0.84,0.84,0.84,0.84,0.99983984
737,"pop bottle, soda bottle",0.6451613,0.6,0.6976744,0.6,0.99973977
738,"pot, flowerpot",0.703125,0.9,0.5769231,0.9,0.99933934
739,potter's wheel,0.71875,0.92,0.5897436,0.92,0.99935937
740,power drill,0.6233766,0.48,0.8888889,0.48,0.9999399
741,"prayer rug, prayer mat",0.76404494,0.68,0.8717949,0.68,0.9998999
742,printer,0.4878049,0.4,0.625,0.4,0.99975973
743,"prison, prison house",0.631579,0.72,0.5625,0.72,0.9994394
744,"projectile, missile",0.19718309,0.14,0.33333334,0.14,0.99971974
745,projector,0.67326736,0.68,0.6666667,0.68,0.99965966
746,"puck, hockey puck",0.8761905,0.92,0.8363636,0.92,0.9998198
747,"punching bag, punch bag, punching ball, punchball",0.6736842,0.64,0.7111111,0.64,0.99973977
748,purse,0.44444442,0.52,0.3880597,0.52,0.9991792
749,"quill, quill pen",0.8,0.84,0.76363635,0.84,0.99973977
750,"quilt, comforter, comfort, puff",0.5531915,0.52,0.59090906,0.52,0.99963963
751,"racer, race car, racing car",0.65546215,0.78,0.5652174,0.78,0.9993994
752,"racket, racquet",0.78095245,0.82,0.74545455,0.82,0.99971974
753,radiator,0.8,0.72,0.9,0.72,0.9999199
754,"radio, wireless",0.44155845,0.34,0.6296296,0.34,0.9997998
755,"radio telescope, radio reflector",0.8932039,0.92,0.8679245,0.92,0.99985987
756,rain barrel,0.7962963,0.86,0.7413793,0.86,0.9996997
757,"recreational vehicle, RV, R.V.",0.8484848,0.84,0.85714287,0.84,0.99985987
758,reel,0.77272725,0.68,0.8947368,0.68,0.9999199
759,reflex camera,0.7058824,0.72,0.6923077,0.72,0.9996797
760,"refrigerator, icebox",0.8349515,0.86,0.8113208,0.86,0.9997998
761,"remote control, remote",0.8653845,0.9,0.8333333,0.9,0.9998198
762,"restaurant, eating house, eating place, eatery",0.44067797,0.52,0.38235295,0.52,0.99915916
763,"revolver, six-gun, six-shooter",0.8737864,0.9,0.8490566,0.9,0.99983984
764,rifle,0.4578313,0.38,0.57575756,0.38,0.99971974
765,"rocking chair, rocker",0.72549015,0.74,0.71153843,0.74,0.9996997
766,rotisserie,0.82568806,0.9,0.7627119,0.9,0.99971974
767,"rubber eraser, rubber, pencil eraser",0.45614034,0.52,0.40625,0.52,0.99923927
768,rugby ball,0.8125,0.78,0.84782606,0.78,0.99985987
769,"rule, ruler",0.7128714,0.72,0.7058824,0.72,0.9996997
770,running shoe,0.8602151,0.8,0.9302326,0.8,0.9999399
771,safe,0.86,0.86,0.86,0.86,0.99985987
772,safety pin,0.6585367,0.54,0.84375,0.54,0.9998999
773,"saltshaker, salt shaker",0.7234042,0.68,0.77272725,0.68,0.9997998
774,sandal,0.7216495,0.7,0.7446808,0.7,0.99975973
775,sarong,0.6185567,0.6,0.63829786,0.6,0.99965966
776,"sax, saxophone",0.7209302,0.62,0.8611111,0.62,0.9998999
777,scabbard,0.74509805,0.76,0.7307692,0.76,0.99971974
778,"scale, weighing machine",0.73809516,0.62,0.9117647,0.62,0.9999399
779,school bus,0.8712871,0.88,0.8627451,0.88,0.99985987
780,schooner,0.8,0.84,0.76363635,0.84,0.99973977
781,scoreboard,0.8761905,0.92,0.8363636,0.92,0.9998198
782,"screen, CRT screen",0.25974026,0.2,0.37037036,0.2,0.99965966
783,screw,0.8571428,0.9,0.8181818,0.9,0.9997998
784,screwdriver,0.44705883,0.38,0.54285717,0.38,0.9996797
785,"seat belt, seatbelt",0.83018863,0.88,0.78571427,0.88,0.99975973
786,sewing machine,0.8297872,0.78,0.8863636,0.78,0.9998999
787,"shield, buckler",0.5979381,0.58,0.61702126,0.58,0.99963963
788,"shoe shop, shoe-shop, shoe store",0.776699,0.8,0.754717,0.8,0.99973977
789,shoji,0.6911764,0.94,0.54651165,0.94,0.99921924
790,shopping basket,0.7,0.7,0.7,0.7,0.9996997
791,shopping cart,0.8210527,0.78,0.8666667,0.78,0.9998799
792,shovel,0.6526316,0.62,0.6888889,0.62,0.99971974
793,shower cap,0.776699,0.8,0.754717,0.8,0.99973977
794,shower curtain,0.7184466,0.74,0.6981132,0.74,0.9996797
795,ski,0.76,0.76,0.76,0.76,0.99975973
796,ski mask,0.77227724,0.78,0.7647059,0.78,0.99975973
797,sleeping bag,0.7157895,0.68,0.75555557,0.68,0.99977976
798,"slide rule, slipstick",0.84444445,0.76,0.95,0.76,0.99995995
799,sliding door,0.42222223,0.38,0.475,0.38,0.9995796
800,"slot, one-armed bandit",0.9494949,0.94,0.9591837,0.94,0.99995995
801,snorkel,0.8431373,0.86,0.8269231,0.86,0.9998198
802,snowmobile,0.8910891,0.9,0.88235295,0.9,0.9998799
803,"snowplow, snowplough",0.79279274,0.88,0.72131145,0.88,0.99965966
804,soap dispenser,0.6862745,0.7,0.6730769,0.7,0.99965966
805,soccer ball,0.8653845,0.9,0.8333333,0.9,0.9998198
806,sock,0.7209302,0.62,0.8611111,0.62,0.9998999
807,"solar dish, solar collector, solar furnace",0.62500006,0.8,0.51282054,0.8,0.99923927
808,sombrero,0.6593407,0.6,0.73170733,0.6,0.99977976
809,soup bowl,0.4864865,0.36,0.75,0.36,0.9998799
810,space bar,0.48387095,0.6,0.4054054,0.6,0.9991191
811,space heater,0.7234042,0.68,0.77272725,0.68,0.9997998
812,space shuttle,0.877551,0.86,0.8958333,0.86,0.9998999
813,spatula,0.5,0.42,0.61764705,0.42,0.99973977
814,speedboat,0.9019608,0.92,0.88461536,0.92,0.9998799
815,"spider web, spider's web",0.74418604,0.64,0.8888889,0.64,0.9999199
816,spindle,0.9423077,0.98,0.9074074,0.98,0.9998999
817,"sports car, sport car",0.59405947,0.6,0.5882353,0.6,0.9995796
818,"spotlight, spot",0.41379312,0.36,0.4864865,0.36,0.9996196
819,stage,0.5426356,0.7,0.443038,0.7,0.9991191
820,steam locomotive,0.9183674,0.9,0.9375,0.9,0.9999399
821,steel arch bridge,0.8679245,0.92,0.8214286,0.92,0.9997998
822,steel drum,0.8842105,0.84,0.93333334,0.84,0.9999399
823,stethoscope,0.64285713,0.54,0.7941176,0.54,0.99985987
824,stole,0.5376344,0.5,0.5813953,0.5,0.99963963
825,stone wall,0.82608694,0.76,0.9047619,0.76,0.9999199
826,"stopwatch, stop watch",0.6136364,0.54,0.7105263,0.54,0.99977976
827,stove,0.6262626,0.62,0.63265306,0.62,0.99963963
828,strainer,0.63043475,0.58,0.6904762,0.58,0.99973977
829,"streetcar, tram, tramcar, trolley, trolley car",0.86,0.86,0.86,0.86,0.99985987
830,stretcher,0.59405947,0.6,0.5882353,0.6,0.9995796
831,"studio couch, day bed",0.68799996,0.86,0.5733333,0.86,0.99935937
832,"stupa, tope",0.9052632,0.86,0.95555556,0.86,0.99995995
833,"submarine, pigboat, sub, U-boat",0.82608694,0.76,0.9047619,0.76,0.9999199
834,"suit, suit of clothes",0.51785713,0.58,0.46774194,0.58,0.99933934
835,sundial,0.67391306,0.62,0.7380952,0.62,0.99977976
836,sunglass,0.31428573,0.22,0.55,0.22,0.9998198
837,"sunglasses, dark glasses, shades",0.34666666,0.26,0.52,0.26,0.99975973
838,"sunscreen, sunblock, sun blocker",0.4102564,0.32,0.5714286,0.32,0.99975973
839,suspension bridge,0.70329666,0.64,0.7804878,0.64,0.9998198
840,"swab, swob, mop",0.7758621,0.9,0.6818182,0.9,0.9995796
841,sweatshirt,0.54545456,0.42,0.7777778,0.42,0.9998799
842,"swimming trunks, bathing trunks",0.48484847,0.48,0.48979592,0.48,0.9994995
843,swing,0.6241135,0.88,0.48351648,0.88,0.9990591
844,"switch, electric switch, electrical switch",0.6373626,0.58,0.70731705,0.58,0.99975973
845,syringe,0.6593407,0.6,0.73170733,0.6,0.99977976
846,table lamp,0.6666666,0.78,0.58208954,0.78,0.9994394
847,"tank, army tank, armored combat vehicle, armoured combat vehicle",0.7169811,0.76,0.6785714,0.76,0.99963963
848,tape player,0.3576159,0.54,0.26732674,0.54,0.9985185
849,teapot,0.80808085,0.8,0.81632656,0.8,0.9998198
850,"teddy, teddy bear",0.7628866,0.74,0.78723407,0.74,0.9997998
851,"television, television system",0.53333336,0.64,0.45714286,0.64,0.99923927
852,tennis ball,0.8431373,0.86,0.8269231,0.86,0.9998198
853,"thatch, thatched roof",0.886598,0.86,0.9148936,0.86,0.9999199
854,"theater curtain, theatre curtain",0.83018863,0.88,0.78571427,0.88,0.99975973
855,thimble,0.7291667,0.7,0.76086956,0.7,0.99977976
856,"thresher, thrasher, threshing machine",0.6086957,0.7,0.53846157,0.7,0.9993994
857,throne,0.76923084,0.7,0.85365856,0.7,0.9998799
858,tile roof,0.70329666,0.64,0.7804878,0.64,0.9998198
859,toaster,0.76923084,0.7,0.85365856,0.7,0.9998799
860,"tobacco shop, tobacconist shop, tobacconist",0.43548384,0.54,0.36486486,0.54,0.9990591
861,toilet seat,0.77227724,0.78,0.7647059,0.78,0.99975973
862,torch,0.71929824,0.82,0.640625,0.82,0.99953955
863,totem pole,0.94,0.94,0.94,0.94,0.9999399
864,"tow truck, tow car, wrecker",0.6530613,0.64,0.6666667,0.64,0.9996797
865,toyshop,0.54545456,0.6,0.5,0.6,0.9993994
866,tractor,0.7358491,0.78,0.6964286,0.78,0.99965966
867,"trailer truck, tractor trailer, trucking rig, rig, articulated lorry, semi",0.7676767,0.76,0.7755102,0.76,0.99977976
868,tray,0.5894737,0.56,0.62222224,0.56,0.99965966
869,trench coat,0.6585367,0.54,0.84375,0.54,0.9998999
870,"tricycle, trike, velocipede",0.71929824,0.82,0.640625,0.82,0.99953955
871,trimaran,0.754717,0.8,0.71428573,0.8,0.9996797
872,tripod,0.67391306,0.62,0.7380952,0.62,0.99977976
873,triumphal arch,0.9108911,0.92,0.9019608,0.92,0.9998999
874,"trolleybus, trolley coach, trackless trolley",0.8596491,0.98,0.765625,0.98,0.9996997
875,trombone,0.67346936,0.66,0.6875,0.66,0.9996997
876,"tub, vat",0.3695652,0.34,0.4047619,0.34,0.9994995
877,turnstile,0.7755102,0.76,0.7916667,0.76,0.9997998
878,typewriter keyboard,0.48,0.36,0.72,0.36,0.99985987
879,umbrella,0.6511628,0.56,0.7777778,0.56,0.99983984
880,"unicycle, monocycle",0.7358491,0.78,0.6964286,0.78,0.99965966
881,"upright, upright piano",0.7567568,0.84,0.6885246,0.84,0.9996196
882,"vacuum, vacuum cleaner",0.6666667,0.68,0.65384614,0.68,0.99963963
883,vase,0.5102041,0.5,0.5208333,0.5,0.99953955
884,vault,0.640625,0.82,0.525641,0.82,0.99925923
885,velvet,0.23880596,0.16,0.47058824,0.16,0.9998198
886,vending machine,0.88073385,0.96,0.8135593,0.96,0.99977976
887,vestment,0.6804124,0.66,0.70212764,0.66,0.99971974
888,viaduct,0.82608694,0.76,0.9047619,0.76,0.9999199
889,"violin, fiddle",0.70454544,0.62,0.81578946,0.62,0.99985987
890,volleyball,0.9142857,0.96,0.8727273,0.96,0.99985987
891,waffle iron,0.8453609,0.82,0.87234044,0.82,0.9998799
892,wall clock,0.59405947,0.6,0.5882353,0.6,0.9995796
893,"wallet, billfold, notecase, pocketbook",0.53846157,0.56,0.5185185,0.56,0.9994795
894,"wardrobe, closet, press",0.5762712,0.68,0.5,0.68,0.9993193
895,"warplane, military plane",0.69642854,0.78,0.62903225,0.78,0.99953955
896,"washbasin, handbasin, washbowl, lavabo, wash-hand basin",0.7407407,0.8,0.6896552,0.8,0.99963963
897,"washer, automatic washer, washing machine",0.8571428,0.78,0.9512195,0.78,0.99995995
898,water bottle,0.5531915,0.52,0.59090906,0.52,0.99963963
899,water jug,0.3703704,0.3,0.48387095,0.3,0.9996797
900,water tower,0.9591837,0.94,0.9791667,0.94,0.99998
901,whiskey jug,0.74999994,0.66,0.8684211,0.66,0.9998999
902,whistle,0.7592593,0.82,0.70689654,0.82,0.99965966
903,wig,0.78787875,0.78,0.79591835,0.78,0.9997998
904,window screen,0.6796117,0.7,0.6603774,0.7,0.99963963
905,window shade,0.59183675,0.58,0.6041667,0.58,0.9996196
906,Windsor tie,0.520548,0.38,0.82608694,0.38,0.9999199
907,wine bottle,0.4473684,0.34,0.65384614,0.34,0.9998198
908,wing,0.63291144,0.5,0.86206895,0.5,0.9999199
909,wok,0.51282054,0.4,0.71428573,0.4,0.99983984
910,wooden spoon,0.7216495,0.7,0.7446808,0.7,0.99975973
911,"wool, woolen, woollen",0.42553192,0.4,0.45454547,0.4,0.9995195
912,"worm fence, snake fence, snake-rail fence, Virginia fence",0.75,0.84,0.67741936,0.84,0.9995996
913,wreck,0.78787875,0.78,0.79591835,0.78,0.9997998
914,yawl,0.877551,0.86,0.8958333,0.86,0.9998999
915,yurt,0.9126213,0.94,0.8867925,0.94,0.9998799
916,"web site, website, internet site, site",0.8135593,0.96,0.7058824,0.96,0.9995996
917,comic book,0.6,0.54,0.675,0.54,0.99973977
918,"crossword puzzle, crossword",0.8659794,0.84,0.89361703,0.84,0.9998999
919,street sign,0.71186435,0.84,0.61764705,0.84,0.9994795
920,"traffic light, traffic signal, stoplight",0.81553394,0.84,0.7924528,0.84,0.99977976
921,"book jacket, dust cover, dust jacket, dust wrapper",0.58928573,0.66,0.5322581,0.66,0.9994194
922,menu,0.82608694,0.76,0.9047619,0.76,0.9999199
923,plate,0.44927534,0.62,0.35227272,0.62,0.99885887
924,guacamole,0.7346939,0.72,0.75,0.72,0.99975973
925,consomme,0.6271186,0.74,0.5441176,0.74,0.9993794
926,"hot pot, hotpot",0.6478873,0.92,0.5,0.92,0.9990791
927,trifle,0.7933884,0.96,0.6760563,0.96,0.99953955
928,"ice cream, icecream",0.5473684,0.52,0.5777778,0.52,0.9996196
929,"ice lolly, lolly, lollipop, popsicle",0.6213592,0.64,0.6037736,0.64,0.9995796
930,French loaf,0.67307687,0.7,0.6481481,0.7,0.9996196
931,"bagel, beigel",0.69473684,0.66,0.73333335,0.66,0.99975973
932,pretzel,0.7173913,0.66,0.78571427,0.66,0.9998198
933,cheeseburger,0.86,0.86,0.86,0.86,0.99985987
934,"hotdog, hot dog, red hot",0.776699,0.8,0.754717,0.8,0.99973977
935,mashed potato,0.71428573,0.7,0.7291667,0.7,0.99973977
936,head cabbage,0.86868685,0.86,0.877551,0.86,0.9998799
937,broccoli,0.8453609,0.82,0.87234044,0.82,0.9998799
938,cauliflower,0.84615386,0.88,0.8148148,0.88,0.9997998
939,"zucchini, courgette",0.76595753,0.72,0.8181818,0.72,0.99983984
940,spaghetti squash,0.86238533,0.94,0.7966102,0.94,0.99975973
941,acorn squash,0.8514852,0.86,0.84313726,0.86,0.99983984
942,butternut squash,0.7954545,0.7,0.92105263,0.7,0.9999399
943,"cucumber, cuke",0.7238095,0.76,0.6909091,0.76,0.99965966
944,"artichoke, globe artichoke",0.8659794,0.84,0.89361703,0.84,0.9998999
945,bell pepper,0.9,0.9,0.9,0.9,0.9998999
946,cardoon,0.87850463,0.94,0.8245614,0.94,0.9997998
947,mushroom,0.5,0.4,0.6666667,0.4,0.9997998
948,Granny Smith,0.92,0.92,0.92,0.92,0.9999199
949,strawberry,0.74418604,0.64,0.8888889,0.64,0.9999199
950,orange,0.74725276,0.68,0.8292683,0.68,0.99985987
951,lemon,0.79999995,0.76,0.84444445,0.76,0.99985987
952,fig,0.8431373,0.86,0.8269231,0.86,0.9998198
953,"pineapple, ananas",0.9387755,0.92,0.9583333,0.92,0.99995995
954,banana,0.87234044,0.82,0.9318182,0.82,0.9999399
955,"jackfruit, jak, jack",0.92,0.92,0.92,0.92,0.9999199
956,custard apple,0.8888889,0.96,0.82758623,0.96,0.9997998
957,pomegranate,0.8453609,0.82,0.87234044,0.82,0.9998799
958,hay,0.8222223,0.74,0.925,0.74,0.9999399
959,carbonara,0.86315787,0.82,0.9111111,0.82,0.9999199
960,"chocolate sauce, chocolate syrup",0.5473684,0.52,0.5777778,0.52,0.9996196
961,dough,0.4578313,0.38,0.57575756,0.38,0.99971974
962,"meat loaf, meatloaf",0.61538464,0.64,0.5925926,0.64,0.9995596
963,"pizza, pizza pie",0.85106385,0.8,0.90909094,0.8,0.9999199
964,potpie,0.6666667,0.7,0.6363636,0.7,0.9995996
965,burrito,0.8363636,0.92,0.76666665,0.92,0.99971974
966,red wine,0.64220184,0.7,0.59322035,0.7,0.9995195
967,espresso,0.6262626,0.62,0.63265306,0.62,0.99963963
968,cup,0.43678162,0.38,0.5135135,0.38,0.99963963
969,eggnog,0.4423077,0.46,0.42592594,0.46,0.9993794
970,alp,0.5573771,0.68,0.4722222,0.68,0.99923927
971,bubble,0.8172043,0.76,0.88372093,0.76,0.9998999
972,"cliff, drop, drop-off",0.65546215,0.78,0.5652174,0.78,0.9993994
973,coral reef,0.70370376,0.76,0.6551724,0.76,0.9995996
974,geyser,0.8867925,0.94,0.83928573,0.94,0.9998198
975,"lakeside, lakeshore",0.48226947,0.68,0.37362638,0.68,0.99885887
976,"promontory, headland, head, foreland",0.63265306,0.62,0.6458333,0.62,0.99965966
977,"sandbar, sand bar",0.62500006,0.6,0.65217394,0.6,0.9996797
978,"seashore, coast, seacoast, sea-coast",0.4227642,0.52,0.3561644,0.52,0.9990591
979,"valley, vale",0.67256635,0.76,0.6031746,0.76,0.9994995
980,volcano,0.75268817,0.7,0.81395346,0.7,0.99983984
981,"ballplayer, baseball player",0.7474748,0.74,0.75510204,0.74,0.99975973
982,"groom, bridegroom",0.67469877,0.56,0.8484849,0.56,0.9998999
983,scuba diver,0.8235294,0.84,0.8076923,0.84,0.9997998
984,rapeseed,0.98,0.98,0.98,0.98,0.99998
985,daisy,0.9607843,0.98,0.9423077,0.98,0.9999399
986,"yellow lady's slipper, yellow lady-slipper, Cypripedium calceolus, Cypripedium parviflorum",1.0,1.0,1.0,1.0,1.0
987,corn,0.40476188,0.34,0.5,0.34,0.99965966
988,acorn,0.9019608,0.92,0.88461536,0.92,0.9998799
989,"hip, rose hip, rosehip",0.9245283,0.98,0.875,0.98,0.99985987
990,"buckeye, horse chestnut, conker",0.86,0.86,0.86,0.86,0.99985987
991,coral fungus,0.9038461,0.94,0.8703704,0.94,0.99985987
992,agaric,0.7678572,0.86,0.6935484,0.86,0.9996196
993,gyromitra,0.95238096,1.0,0.90909094,1.0,0.9998999
994,"stinkhorn, carrion fungus",0.81481487,0.88,0.7586207,0.88,0.99971974
995,earthstar,0.8990826,0.98,0.8305085,0.98,0.9997998
996,"hen-of-the-woods, hen of the woods, Polyporus frondosus, Grifola frondosa",0.8000001,0.92,0.7076923,0.92,0.9996196
997,bolete,0.72549015,0.74,0.71153843,0.74,0.9996997
998,"ear, spike, capitulum",0.6306306,0.7,0.57377046,0.7,0.9994795
999,"toilet tissue, toilet paper, bathroom tissue",0.5411765,0.46,0.6571429,0.46,0.99975973
